"West Bengal: CID today filed supplementary chargesheet in TMC MLA Satyajit Biswas murder case at Ranaghat Court in Nadia district, mentioning BJP Vice President Mukul Roy’s name.

Krishanganj TMC MLA Satyajit Biswas was shot dead during a Saraswati Puja programme in Nadia in Feb"
"During 5th round of talks at Vigyan Bhawan, farmers' representatives asked the Central Govt to give a pointwise written reply of the last meeting, to which the govt has agreed https://t.co/EzZgHcoHTr"
"573 more #COVID19 positive cases reported yesterday in Bihar, taking the total count of active cases in the State to 6,145: Bihar Health Department"
"We will contest on all 234 seats in next Assembly elections. Our politics will be spiritual politics unlike the politics of hatred, currently being practised. We will not slam anybody: Tamilaruvi Manian, political advisor of actor Rajinikanth in Chennai https://t.co/LhMN64w9tb"
Chennai: Tamil Nadu Chief Minister Edappadi K Palaniswami and Dy CM O Panneerselvam attend an event to mark the death anniversary of AIADMK leader &amp; former State CM J Jayalalithaa. https://t.co/8izwSuW0y0
"Tamil Nadu: Rainwater causes flooding in Government Hospital premises in Thoothukudi

""Whenever it rains the hospital entrance gets flooded. Patients &amp; ambulances can't enter from here. The water will drain nearly after 2 or 3 weeks, creating problems for patients,"" says a local https://t.co/5Vd8CdHTFL"
"In order to enhance passenger convenience for Kolkata people, Kolkata Metro has decided to run additional services &amp; extend timings of its services from 7th Dec, Monday. Kolkata Metro Railway will run 204 daily services instead of 190 services from Mon-Sat: Ministry of Railways"
"Nepal: Demonstration held in capital Kathmandu, demanding restoration of monarchy in the country. https://t.co/TFjmKu9U9Z"
Thunderstorm accompanied with lightning likely to occur at one or two places over Kerala and Lakshadweep area  from 5th December to 7th  December: Kerala State Disaster Management Authority
High waves in the range of 1.5-3.2 meters are forecasted till 23:30 hours of 5th Dec along the coast of Kerala from Pozhiyur to Kozhikode. Current speeds vary between 47- 64 cm/sec: Kerala State Disaster Management Authority
"Squally wind speed reaching 35-45 km/hour gusting to 55 km/hour very likely over Lakshadweep-Maldives &amp; Comorin area, southeast Arabian Sea and along &amp; off south Kerala coast on 6th Dec. Fishermen advised not to venture in to sea during above mentioned period: KSDMA https://t.co/BNtwZQUvgD"
"Squally wind speed reaching 35-45 km/hour gusting to 55 km/hour very likely over Lakshadweep-Maldives &amp; Comorin area, southeast Arabian Sea and along &amp; off south 
Kerala coast today: Kerala State Disaster Management Authority"
New Delhi: Fifth round of meeting between farmers' representatives and the Central government begins at Vigyan Bhawan. https://t.co/L4u2LaTi1r
"Telangana reported 596 new #COVID19 cases, 3 deaths and 921 recoveries on 4th December.

Total positive cases in the state rise to 2,72,719 including 1,470 deaths and 2,62,751 recoveries. 

Active cases stand at 8,498 https://t.co/xSYiFDiLon"
"409 new #COVID19 cases and 642 recoveries reported in #Odisha on 4th December.

The total number of positive cases in the state at 3,20,803 till date, including 3,14,665 recovered cases &amp; 4,320 active cases: State Health Department, Govt of Odisha"
Delhi: Union Agriculture Minister Narendra Singh Tomar reaches Vigyan Bhawan to hold talks with agitating farmers. https://t.co/7ETV9H1Ztv
"Haryana: A woman arrested for allegedly thrashing her mother-in-law in Azad Nagar, Hisar. 
 
Rohtash, Azad Nagar Police Station In-Charge says, “The accused woman was arrested after a video surfaced on social media. A case has been registered under relevant sections of IPC."" https://t.co/S132U1t9rA"
PM Narendra Modi to lay foundation and perform 'bhumi pujan' for new Parliament building in New Delhi on December 10: Lok Sabha Speaker Om Birla (file photo) https://t.co/iyuTFonr95
"We want to complete rollback of the laws. If the government doesn't accept our demand, we will continue our agitation: Harjinder Singh Tanda, state chief of Azad Kisan Sangharsh Committee, Punjab https://t.co/YHiDYOHf80 https://t.co/rmrWc7rPOW"
"Delhi: Farmers' representatives reach Vigyan Bhawan to hold fifth round of talks with the Central government on the farm laws. ""We want the withdrawal of the laws. We won't accept government's offer to amend the laws,"" says Harsulinder Singh of Doaba Kisan Sangharsh Committee. https://t.co/sCRT0HjWXQ"
"A petition has been moved in Supreme Court, seeking directions for refund of the exorbitant amount charged for RT-PCR test by private labs &amp; hospitals &amp; to fix Rs 400 for the test across India. https://t.co/62unnNLoV9"
It is our 'Beti Bachao Abhiyan'. Today we will give final shape to it: Madhya Pradesh CM Shivraj Singh Chouhan on Dharma Swatantrya (Religious Freedom) Bill 2020 https://t.co/ZcWIEZpU8R
"The phase-3 trials are double-blinded and randomized, where 50% of subjects (participants in the trial) receive vaccine &amp; 50% of subjects receive placebo: Bharat Biotech https://t.co/Ask7G9w1Pm"
"Covaxin clinical trials are based on a 2-dose schedule, given 28 days apart. The vaccine efficacy will be determined 14 days post the 2nd dose. Covaxin has been designed to be efficacious when subjects receive both doses: Bharat Biotech https://t.co/eT5YybkoLl"
"Young people are ready to be entrepreneurs &amp; contribute to ‘Aatmnirbhar Jammu-Kashmir’. We've conducive environment, robust grassroot democratic system &amp; talented youngsters armed with new ideas to set up innovative businesses: Governor Manoj Sinha at IIT-2020 Global Summit https://t.co/XTUjkWvyP4"
"#WATCH | Farmers continue their protest against the farm laws at Delhi-Haryana border in Singhu. 

Fifth round of talks is scheduled to take place between farmers' representatives and the Central government at 2 pm today. https://t.co/cIHpIveOzx"
"Bihar: Mortal remains of Dineshwar Sharma, Lakshadweep Administrator and former interlocutor to Jammu and Kashmir, reach Gaya, his native place. https://t.co/ocg1ezwEhl"
Karnataka: Police detain pro-Kannada activists staging a demonstration at Sardar Vallabhbhai Patel Chowk in Kalaburagi as part of Karnataka bandh against the formation of Maratha Development Authority. https://t.co/w4skb9brSl
"Madhya Pradesh CM Shivraj Singh Chouhan to chair a high-level meeting on Dharma Swatantrya (Religious Freedom) Bill 2020 in Bhopal; chief secretary, DGP to remain present."
"Bihar: Rashtriya Janata Dal (RJD) holds protest at Patna's Gandhi Maidan against the Centre's Farm laws.

RJD leader Tejashwi Yadav says, ""We demand that the Centre repeals the black laws."" https://t.co/vBbM1WRlbR"
Delhi: Farmer leaders leave from Singhu border for Vigyan Bhawan to hold fifth round of talks with the Central government on the farm laws. https://t.co/dtnVmbU4RT
"Delhi: An NGO, United Sikhs organisation sets up medical camp at Singhu border to provide medical assistance to farmers.

“Six doctors are working here with us. Over 2,500 protesters who suffered minor injuries due to barricading &amp; tear gas have consulted us,” says NGO Director. https://t.co/gBzW95t3BB"
Jammu and Kashmir: Pakistan violated ceasefire by firing with small arms &amp; shelling with mortars along LoC in Balakote sector at about 11:40 am.
IMA scam case: Former Karnataka minister Roshan Baig (in file photo) granted bail by a special CBI court https://t.co/655ifT1BG9
"Tamil Nadu: Dravida Munnetra Kazhagam President MK Stalin holds a protest rally in Salem against Centre's Farm laws.

He says, ""We went to Court against the laws. Kerala &amp; Punjab have already approached Court. Our CM says he's a farmer first, why has he not taken any step?"" https://t.co/Sj0qXx7zSr"
"Four kgs of charas and 5.35 kgs of ganja were recovered from a house at Sachani village in Kullu, Himachal Pradesh yesterday. One person was arrested and a case registered against him under NDPS Act: Special Investigation Unit, Kullu Police https://t.co/UfQjaFRBuH"
"Maharashtra: Shiv Sena MLA Pratap Sarnaik summoned by Enforcement Directorate for the third time in connection with raid conducted at his residence, asked to appear on Thursday."
New Delhi: Defence Minister Rajnath Singh leaves from the Prime Minister's residence. https://t.co/fFwmhLFqft https://t.co/ixeEGqbFpR
Karnataka: Pro-Kannada activists march from Mekhri Circle towards the Chief Minister's residence in Bengaluru as part of Karnataka bandh protest against formation of Maratha Development Authority. https://t.co/4MavsgYY4p
"Farmers' doubts will be cleared in today’s meeting with Centre. In recent meetings, some issues were clarified. It's Opposition's politics, they're instigating the protest. The meeting will be fruitful &amp; we expect farmers will roll back protest: MoS Agriculture, Kailash Choudhary https://t.co/RvXXHJKgJl"
"West Bengal: A drug peddler was arrested with 3.7 kgs of heroin near Esplanade under Hare Street Police Station area in Kolkata yesterday, say Kolkata Police https://t.co/RIm7EL00IB"
#WATCH | Tamil Nadu: Wall of a dilapidated church building collapses due to strong winds in Dhanushkodi near Rameswaram. #CycloneBurevi https://t.co/FCvNqWbZfP
"#Delhi: #FarmersProtest at Burari's Nirankari Samagam Ground against recent farm laws enters 10th day.

“We're hoping today’s meeting with central leadership will be positive. We won't stop until govt agrees to our demands. We'll make the movement bigger,” says a protestor. https://t.co/gwtBWITIcg"
"Haryana minister Anil Vij announces he has tested positive for COVID-19. 

On November 20, he was administered a dose of Covaxin at a hospital in Ambala, as part of its third phase trial. https://t.co/34HVOIRoFK"
"Earthquake of magnitude of 3.4 at Ritcher scale hit Tezpur, Assam at 10:46 am today: National Centre for Seismology"
Union Minister Piyush Goyal also reaches the Prime Minister's residence in New Delhi. https://t.co/fFwmhLFqft
"Ahead of the fifth round of meeting with agitating farmers, Union ministers Amit Shah, Rajnath Singh and Narendra Singh Tomar reach PM Narendra Modi's residence in New Delhi."
"Total number of samples tested up to 4th December is 14,58,85,512 including 11,57,763 samples tested yesterday: Indian Council of Medical Research (ICMR) https://t.co/uiZmnTj0CB"
"#WATCH | A tractor with DJ system was spotted at Delhi-Haryana border during farmers' protest in Singhu last night. 

""For the past few days, we have been here &amp; there is no source of entertainment for us so we have this tractor installed with a music system,"" a farmer said. https://t.co/p2r3Ec9Dwb"
"PM held all-party meeting &amp; now they're saying State &amp; Centre will decide the price, how can it be? In Bihar, they gave assurance that vaccination will be free. We demand vaccine should be given to each Indian free of cost: Maharashtra Minister &amp; NCP leader Nawab Malik

 #COVID19 https://t.co/Y57mqUueC1"
Depression over Gulf of Mannar close to Ramanathapuram coast remained practically stationary during the past 30 hours. The Depression is likely to remain practically stationary over the same region and weaken into a well-marked low pressure area during next 12 hours: IMD
"Uttarakhand: Bharatiya Janata Party President Jagat Prakash Nadda reaches Dehradun.

He will take part in an event later today. https://t.co/yLVMPVEToz"
"Govt should announce to withdraw the three black laws &amp; give in writing that MSP will continue. If any positive result doesn't come out of today's talks, farmers from Rajasthan will march along NH-8 towards Delhi &amp; camp at Jantar Mantar: Rampal Jat, president, Kisan Mahapanchayat https://t.co/6MJJwE8c1l"
#WATCH | GMR Hyderabad air cargo and Delhi Airport’s air cargo are set to play a pivotal role in the distribution of vaccines through state-of-the-art time-and temperature-sensitive distribution system. (Video source - GMR) https://t.co/5yizh3Vb0F
A meeting is scheduled with farmers at 2 pm today. I am very hopeful that farmers will think positively and end their agitation: Union Agriculture Minister Narendra Singh Tomar https://t.co/tC8fZylo9m
Karnataka: Police detain Pro-Kannada activists who were protesting against the formation of Maratha Development Authority at Bengaluru's Town Hall. https://t.co/w07Kh3j1wT
Puducherry: Waterlogging in several parts of Puducherry following heavy rainfall; visuals from Rainbow Nagar. https://t.co/7Q39AEO7WW
"With 36,652 new #COVID19 infections, India's total cases rise to 96,08,211

With 512 new deaths, toll mounts to 1,39,700. Total active cases at 4,09,689    

Total discharged cases at 90,58,822 with 42,533 new discharges in the last 24 hrs https://t.co/JanwHFUTbh"
"National Investigation Agency (NIA) yesterday filed a supplementary charge-sheet in a special court in Mohali in Khalistan Liberation Force (KLF) narco-terror case, the agency says. https://t.co/DcWoJfOA4H"
"Tamil Nadu: Severe waterlogging in various parts of Rameswaram following heavy rainfall in the region; visuals from Natarajapuram area

#CycloneBurevi https://t.co/rEHGF57vfN"
"Karnataka: Pro-Kannada groups have called for a bandh today against the formation of Maratha Development Authority.

Visuals from in Hubli city. https://t.co/GTC5So5Gw4"
"Delhi Sikh Gurdwara Management Committee (DSGMC) prepares food for the farmers protesting at Singhu border (Delhi-Haryana). 

A volunteer says, ""We are providing meals three times a day."" https://t.co/vcnhXI80LY"
Delhi: Smog engulfs parts of the national capital; visuals from Delhi Noida Direct (DND) Flyway. https://t.co/zFO1pJ0Oju
"Delhi: Farmers continue to hold a sit-in protest at Chilla border (Delhi-Noida Link Road) against the Centre's #FarmLaws.

A farmer says, ""If anything concrete doesn't happen in today's meeting with the Central government then we will gherao the Parliament."" https://t.co/4mPOeAm9Xm"
Chilla border on Noida link road is closed for traffic from Noida to Delhi due to farmers protests near Gautam Budh Dwar. People are advised to avoid Noida link road for coming to Delhi and use DND: Delhi Traffic Police
Gazipur border (UP-Delhi border) on NH-24 is closed for traffic from Gaziabad to Delhi due to farmers protests: Delhi Traffic Police https://t.co/PSsNCcaIqp
"Jhatikara border (Delhi-Haryana border) is open only for two-wheeler traffic. Available open borders to Haryana are - Dhansa, Daurala, Kapashera, Rajokri NH-8, Bijwasan/Bajghera, Palam Vihar and Dundahera: Delhi Traffic Police"
"Farmers continue to camp at Delhi-Haryana border in Tikri in protest against the new farm laws. 

Fifth round of talks between the Centre and farmers will be held today. https://t.co/c83paBX333"
"Karnataka: Metro stations wear a deserted look in Bengaluru; visuals from Balagangadharanatha Swamiji and Magadi Road metro stations.

Pro-Kannada groups have called for a bandh today against the formation of Maratha Development Authority. https://t.co/HauL4Ujno1"
Many states have already brought in the bills. We are also in the process of bringing bills against 'love jihad' and a complete ban on cow slaughter: Karnataka Deputy CM Dr CN Ashwathnarayan (04.12.2020) https://t.co/BE40F5Izm6
"More than one hundred history-sheeters have been detained ahead of Karnataka bandh: DCP (West), Bengaluru"
Karnataka: Pro-Kannada organisations have called for a bandh today against state govt's decision to form Maratha Development Authority. Visuals from Shivaji Nagar in Bengaluru. https://t.co/VmCrbXqX1c
"Tamil Nadu: Jawahar Karthikeyan, from Coimbatore, enters Asian Records Academy of walking highest number of footsteps in 6 hours by an individual in male category. 

He says, ""In 5 hours I have exceeded the minimum requirement of walking 36,000 footsteps."" https://t.co/R6XT3IX5Tc"
"Mizoram reported 25 new #COVID19 cases.

Total cases 3,913
Total discharged 3,690
Death toll 6

Active cases 217 https://t.co/AJGRfK6ohW"
Delhi: Fifth round of talks between the central government and farmers to be held today; visuals of protesting farmers stationed at Singhu border (Delhi-Haryana border). https://t.co/2RZQbYn01L
Depression over Gulf of Mannar close to Ramanathapuram District coast remained practically stationary during past 24 hours &amp; lay centered at 2330 hrs IST of 4th December over Gulf of Mannar close to Ramanathapuram District coast: India Meteorological Department (IMD)
"Rajasthan: Officials of forest department arrested four persons for allegedly hunting a Sambar deer in Mount Abu.

Vijay Shankar Panday, DFO says, ""We have recovered animal skin, horn &amp; dried meat, and weapons from the acussed. Interrogation is underway. Probe on."" (4.12) https://t.co/OTZMMomhO6"
"Madhya Pradesh: Indore Municipal Corporation demolished illegal constructions of a criminal in Khajrana, under anti-encroachment drive. (4.12) https://t.co/B4WjuyTflT"
"Haryana: A delegation of Jannayak Janta Party (JJP) leaders met Home Minister Anil Vij seeking withdrawal of cases against farmers during protest.

Digvijay Chautala said, ""Home Minister has assured us that he will look into the matter &amp; discuss the issue with Chief Minister"" https://t.co/47g9HkLnon"
"Punjab: Police arrested eight persons in connection with the attack on chief of Shri Ram Bhakt Sena, Dharminder Mishra in Basti Bawa Khel of Jalandhar on December 2, yesterday. https://t.co/b9OsaJ4hlE https://t.co/Wdz12yaOf2"
"Maharashtra Minister for Urban Development Eknath Shinde yesterday visited the site of Mumbai Trans Harbour Link Project (MTHLP). 

He said, ""We are hopeful that the project will be completed by October 2022. It will be beneficial for people of Mumbai, Navi Mumbai, Pune &amp; Raigad"" https://t.co/oJ1vOIp5aI"
We are thankful to Dushyant Dave has offered to help farmers legally. Govt should think if senior lawyers of the country are saying that these laws are not in the interest of the farmers then Govt should think about it: Advocate HS Phoolka. (4.12) https://t.co/5L5v1wcOVv https://t.co/BRgBiEa4QZ
If they (farmers) want to fight any case in High Court &amp; Supreme Court then I am ready to appear for them free of charge. I stand with farmers: Advocate Dushyant Dave &amp; president of Supreme Court Bar Association after meeting members of Sangharsh Committee of farmers. (4.12) https://t.co/QCpwJCQYt2
I was eager to volunteer for vaccine trial and do something for the society. I have been declared unfit as per ICMR eligibility criteria of COVID-19 vaccine trial. It is painful: Madhya Pradesh Home Minister Narottam Mishra (4.12) https://t.co/bRqzmXiTou
"I don’t know why Prakash Singh Badal got Padma Vibhushan in the first place. What war did Prakash Singh Badal fight or what sacrifice did he make for the community? Stop politicking on this, these theatrics might have worked 40 years ago but they won’t work now: Punjab CM. (4.12) https://t.co/LKQxhTWwan"
"Moderna Inc will be able to produce 500 million doses of its COVID-19 vaccine in 2021, reports Reuters quoting Chief Executive Officer Stéphane Bancel."
"Union Minister Nitin Gadkari yesterday inaugurated and laid foundation stone for 15 National Highway Projects in Nagaland worth Rs. 4,127 Crores, via video conferencing. 

Nagaland Chief Minister Neiphiu Rio was also present. https://t.co/zOziFRjJMt"
"Replacement of single-use plastic items is important and India has practically achieved replacement and is adopting alternative methods: Prakash Javadekar, Union Minister of Environment (4.12) https://t.co/24sLy7hHWW"
"India has already banned single-use plastic &amp; categories have also been made. There have been people’s awareness movements built around this too, &amp; the ban has achieved tremendous success &amp; will be taken to the logical end: Prakash Javadekar, Union Minister of Environment (4.12) https://t.co/DJD19nWTcI"
"Jharkhand reported 219 #COVID19 cases, 206 recoveries and 1 death on December 4.

Total cases 1,09,990
Total recoveries 1,07,074
Death toll 978

Active cases 1,938 https://t.co/9sdL67m039"
Ministry of Information and Broadcasting issues advisory to all private satellite TV channels on advertisements. Broadcasters are advised to ensure advertisements do not promote any activity which is prohibited by statute or law. https://t.co/H91tbDzKGm
"With 169 new positive cases reported today, Assam's COVID19 case tally rises to 2,13,505 including 3,551 active cases, 2,08,964 discharged cases and 987 deaths: State Government https://t.co/SyzYppNVgv"
"Puducherry Lt Governor has given approval to deposit Rs 2200 each into the bank accounts of 1.75 lakh BPL families and Rs 1000 each into the bank accounts of Rs 1.50 lakh APL families, in lieu of free rice for 3 months under the scheme for free distribution of food grains"
"Protesting farmers stay put at Noida border with Delhi near Mayur Vihar

The fifth round of talks between the central government and farmers is scheduled to be held tomorrow. https://t.co/GVMOIj3Wnu"
TRS in Telangana is a formidable political party. It represents the regional sentiment of Telangana. I am sure K.Chandrashekar Rao will review the party's performance in these elections: AIMIM President Asaduddin Owaisi in Hyderabad https://t.co/EVEkoEVEWf
"Maharashtra: Officers of DRI Mumbai have seized heroin worth Rs 3 Crores, further investigation underway https://t.co/AzwVF1VmXQ"
"Madhya Pradesh: Special Task Force Indore has seized cannabis worth Rs One crore, five people arrested https://t.co/s0ALLBjAee"
We will fight the BJP in a democratic way. We are confident that people of Telangana will stop BJP from expanding its footprints in the state: AIMIM President Asaduddin Owaisi in Hyderabad https://t.co/ENu2UZ0UaB https://t.co/0I112H0A4V
We have won on 44 seats in Hyderabad GHMC elections. I have spoken to all newly elected corporators and asked them to begin their work from tomorrow itself: AIMIM President Asaduddin Owaisi in Hyderabad https://t.co/pkQty3ixaX
"#WATCH The historic result for BJP in Hyderabad GHMC elections shows people's unequivocal support towards PM Modi's development &amp; governance model: JP Nadda, President, Bharatiya Janata Party https://t.co/WvupzNVK4w"
The people of Hyderabad have made it clear what will be the results of the Telangana assembly elections (2023). I can say with confidence that people of Telangana have decided to say goodbye to the corrupt KCR government: BJP President JP Nadda https://t.co/eznwwhbN8E
"The historic result for BJP in Hyderabad GHMC elections shows people's unequivocal support towards PM Modi's
development &amp; governance model. I want to thank the people of Hyderabad: JP Nadda, President, Bharatiya Janata Party https://t.co/S3oLFjxkLS"
"The post COVID19 order will be about re-learning, re-thinking and re-innovating: Prime Minister Narendra Modi https://t.co/xtcTuTg9wv"
"Our government fully committed to the principle of reform, perform and transform. No sector left out from reforms: PM Modi delivers the keynote address at IIT 2020 Global Summit via video conference https://t.co/3jHPRrDWg7"
India is witnessing a sea change in the way it works. Things we thought could never happen are being delivered at a great speed: PM Modi delivers the keynote address at IIT 2020 Global Summit via video conference https://t.co/sNKTVjaZFX
"With 803 new positive cases reported today, the total number of COVID19 cases in Himachal Pradesh rises to 43,500.

Total active cases: 8,300
Total recovered cases: 34,458
Death toll: 698 https://t.co/8j3rfUKBX2"
"Hyderabad #GHMCElectionresults 2020: TRS wins 55 seats, BJP-48, AIMIM-44 and Congress-2"
CDS General Rawat conveys best wishes on Navy Day. He said the role of Indian Navy in domination of Indian Ocean Region necessitates a strong Navy. Its support to nations in neighbourhood &amp; areas beyond for humanitarian support &amp;in particular during COVID deserves special mention https://t.co/e09fvZKhF8
Maharashtra: Maha Vikas Aghadi leader Jayant Aasgavkar wins from Pune Teachers Constituency in MLC elections
"Jalandhar: Police have arrested eight persons for attacking the chief of Shri Ram Bhakt Sena, Dharminder Mishra in Raj Nagar, Basti Bawa Khel on 2nd December
#Punjab"
"I'd like to thank people of Hyderabad for having chosen BJP based on good governance model. It's a moral loss for TRS.  As far as question of the mayor is concerned, we're committed to work for the welfare for the state &amp; the people: Bhupender Yadav, BJP leader, on GHMC elections https://t.co/PAhCiTfSLB"
Kochi: Southern Naval Command today put up a display of armed operations conducted at the Navy’s operations demonstration organised as a part of Navy Week-2020 celebrations https://t.co/xHhQBYhBIW
"West Bengal reports 3,206 new COVID-19 cases, 3,215 recoveries, and 52 deaths in the last 24 hours, as per State Health Department 

Total cases: 4,96,522

Total recoveries: 4,63,849 

Active cases: 24,045

Death toll: 8,628 https://t.co/L3dcJnrzIC"
"Manipur: Assam Rifles &amp; Manipur police arrested two people in two separate incidents in Imphal-east, on Dec 1.

One person was arrested for indulging in terrorist activities while the other was an alleged arms trafficker.

Various weapons and ammunition were recovered from both. https://t.co/MAFCkDkMla"
#WATCH Telangana: BJP workers burst crackers in Hyderabad following the #GHMCElectionresults https://t.co/xihpiLV81t https://t.co/JQa2eKO7kY
"The Depression is likely to remain practically stationary over the same region and weaken into a well-marked low-pressure area during next 12 hours: IMD 

#CycloneBurevi https://t.co/q16gCWovOG"
"Deep Depression over Gulf of Mannar close to Ramanathapuram dist coast remained stationary during past 18 hrs &amp; lay centered at 5:30 pm today over Gulf of Mannar, close to Ramanathapuram District coast, about 40 km SW of Ramanathapuram, 70 km W-SW of Pamban: IMD

#CycloneBurevi"
"Air Intelligence Unit at Kannur airport seized 167 grams of gold, worth Rs 8,59,716, from a passenger. The gold was concealed inside a Bluetooth speaker: Commissionerate of Customs (Preventive), Kochi https://t.co/yI2GjIibaN"
"Telangana: BJP leaders, including MoS (Home) G Kishan Reddy and party's state chief Bandi Sanjay Kumar, distribute sweets and celebrate in Hyderabad following their party's performance in #GHMCElections https://t.co/GsF9dy4d4R"
"Gratitude to the people of Telangana for reposing faith in PM Narendra Modi led BJP’s politics of development, tweets Union Home Minister Amit Shah

#GHMCElections https://t.co/T86yvdsJCu"
"I thank people of Hyderabad who chose TRS as the single largest party to represent them in Council. Result is certainly not what we expected, we're short of 20-25 seats. We lost about 10-12 divisions with extremely narrow margin: KT Rama Rao, Telangana minister  

#GHMCElections https://t.co/Hr5K2s0vbC"
"Security personnel continue to guard Tikri border (Delhi-Haryana border) as farmers' protest against the centre's farm laws continues.

A meeting of farmer leaders with the central government to take place tomorrow. https://t.co/NVsnhOybgS"
"Directorate General of GST Intelligence &amp; CGST Commissionerates arrested 104 people for illegally availing or passing on input tax credit (ITC) via fake entities &amp; fly-by-night firms and circular trading, within three weeks of the nationwide drive against GST fake invoice frauds."
"Suvendu Adhikari has already resigned. Only time will speak now. In a day or two, the entire dilemma will be over. I expect that he will join the BJP: Mukul Roy, BJP leader https://t.co/G6tftcPNhW"
"These are historic laws. Those who're fighting it are doing it for their personal interests, not for farmers. 76 lakh farmers in Bengal have gone through the laws &amp; are supporting them: Mukul Roy, BJP leader https://t.co/3yBLOdgxkD"
"Karnataka reports 1247 new #COVID19 cases, 877 discharges, and 13 deaths today.

Total cases 8,90,360
Total discharges 8,53,461 
Death toll 11,834

Active cases 25,046 https://t.co/7rUX8EAUN1"
"Jammu &amp; Kashmir State Election Commissioner KK Sharma has condemned the attack on the independent candidate from Sagam constituency of Anantnag district, Anees Ul Islam
#DDCElections2020 
(file photo) https://t.co/5XgHuGzPFx"
"Andhra Pradesh reports 599 new #COVID19 cases, 6 deaths, and 913 recoveries in the last 24 hours. 

Total cases 8,70,675 
Total recoveries 8,57,233 
Death toll 7020

Active cases 6422 https://t.co/svKlHyvCQ1"
"Madhya Pradesh reports 1,324 new COVID-19 cases, 1,556 discharges, and 14 deaths, according to State Health Department

Total cases: 2,11,698

Total recoveries: 1,94,743 

Active cases: 13,641

Death toll: 3,314 https://t.co/UKrM882clf"
"Today's results indicate that we have blessings of the people in our efforts to bring BJP govt in Telangana in 2023 elections. TRS has failed, people are against their dynasty rule &amp; corruption. People have paved a way for a BJP govt in Telangana, in the days to come: MoS (Home) https://t.co/3b0Y3daLJf"
"TRS had 99 seats in Hyderabad, this has come down to 55 now. We had 4 seats and we have won 50 as of now. The number of seats of AIMIM has also gone down, the same goes for TRS. BJP has today emerged as a strong party: MoS  (Home) G Kishan Reddy 

#GHMCElectionresults https://t.co/XSEYGnS3ty"
Andhra Pradesh Legislative Assembly has adopted a resolution stating that the present COVID19 situation is not conducive for the conduct of elections in February 2021: Chief Minister's Office
"Haryana recorded 1,602 new coronavirus cases, 2,770 recoveries, and 19 deaths in the last 24 hours, according to State Health Department 

Total cases: 2,40,841 

Total recoveries: 2,23,973

Active cases: 14,329

Death toll: 2,539 https://t.co/Nh7hmaXpPn"
"Tamil Nadu reported 1,391 new #COVID19 cases, 1,426 discharges, and 15 deaths in the last 24 hours: State Health Department, Govt of Tamil Nadu

Total cases: 7,87,554

Total discharges: 7,64,854

Death toll: 11,762

Active cases: 10,988 https://t.co/pq2bajK4Kf"
"Punjab reported 726 new #COVID19 cases, 643 discharges, and 20 deaths today, says Govt of Punjab.

Total cases in the State rise to 1,54,788, including 1,42,121 recoveries and 4,882 deaths.

Active cases stand at 7,785 https://t.co/b3FmVpnmrO"
"111 new #COVID19 cases reported in Chandigarh today; total cases rise to 17,828. The death toll is at  287: Union Territory Administration"
"Maharashtra reports 5,229  new #COVID19 cases, 6,776 discharges and 127 deaths today. 

Total cases 18,42,587
Total recoveries 17,10,050
Death toll 47,599

Active cases 83,859 https://t.co/zbZy29t627"
"Rajasthan reports 1,934 new #COVID19 cases, 19 deaths and 3,141 recoveries/discharges today.

Total cases 2,76,420
Total recoveries/discharges 2,49,713
Death toll 2,389

Active cases 24,318 https://t.co/PYd028sElp"
"Delhi: Volunteers distribute medicines to farmers who're protesting the farm laws at the Ghazipur border

""Most patients are coming due to gastric problems &amp; body-ache. This is the first day that we've come here. We've seen about a hundred patients till now,"" says one doctor https://t.co/XAfxabK9Jw"
N Uttam Kumar Reddy resigns from the post of President of Telangana Pradesh Congress Committee https://t.co/yXk30pdv2R
"Manipur reports 155 new #COVID19 cases and 273 recoveries today, taking total cases to 25,691 including 22,445 recoveries, 295 deaths and 2,948 active cases: State Health Department https://t.co/wFTIMcvlUb"
Hyderabad: Bharatiya Janata Party leaders celebrate the party's performance in #GHMCElections https://t.co/qxCeMuA1r0
"Shiv Sena should think why they didn’t win even one seat in the recent polls. Shiv Sena has said so much against Sonia Gandhi. Now it is their govt, their relations improved with her &amp; Sharad Pawar. BJP won’t make any effort &amp; the govt will fall itself: RS Danve, BJP
#Maharashtra https://t.co/CblAaRMEDB"
"West Bengal: 'No helmet, no fuel' rule for two-wheeler drivers, to come into effect in Kolkata from 8th December till 5th February"
"I want to ask Didi (Mamata Banerjee) why the farmers of West Bengal did not get any of the central govt funds under the Kisan Samman Yojana. As long as Didi is here she will not let the people of Bengal avail any benefits of Central govt schemes: Dilip Ghosh, BJP State President https://t.co/a1g2KIUh7h"
"Jammu and Kashmir: Pakistan initiated an unprovoked ceasefire violation today evening along the Line of Control at Keran Sector, Kupwara by firing small arms and mortars"
Jammu and Kashmir: The third phase of DDC polls recorded overall voter percentage of 50.53%
"Chief Secretary, BVR Subrahmanyam today chaired a meeting with Deputy Commissioners of all the districts along with their CMOs for preparatory planning for the roll-out of COVID-19 vaccination: UT Administration https://t.co/dLwmptrcGg"
"Passage Exercise between Russian Federation Navy &amp;Indian Navy underway in Eastern Indian Ocean Region. The exercise is being conducted today &amp; tomorrow.

The exercise is aimed at enhancing interoperability, improving understanding &amp; imbibing best practices between both the navies https://t.co/oQqa1Js4F6"
Enforcement Directorate seizes Vijay Mallya’s asset in France worth 1.6 Million Euros https://t.co/Qe3FAZUYxz
"Uttarakhand reported 618 new #COVID19 cases, 560 recoveries, and 10 deaths today, says State Health Department

Total cases: 76,893

Total recoveries: 69,831

Active cases: 4,994

Death toll: 1,273 https://t.co/A5JfS0RE44"
"Delhi reports 4,067 new #COVID19 cases, 4,862 recoveries and 73 deaths in the last 24 hours.

Total cases 5,86,125
Total recoveries 5,48,376
Death toll 9,497
Active cases 28,252 https://t.co/9ejBSt33gt"
"Central Bureau of Investigation has registered a case against Jay Polychem India Ltd and others for alleged bank fraud of Rs 1800.72 crores

Searches are being conducted today at three locations of the company and other accused in Delhi."
"Chhattisgarh: Officials of Central GST &amp; Central Excise, Raipur have arrested a iron and steel products trader for wrongly passing Input Tax Credit of Rs 14.71 crores by issuing bogus invoices"
"Nadda ji will be here on Dec 8 &amp; 9. On 8th he will inaugurate our election campaign office in Kolkata. On 9th, he will attend a meeting with fish cultivators in Diamond Harbour &amp; will have a meeting with the election management committees of 3 districts: Kailash Vijaywargiya, BJP https://t.co/tM1SsJAsCx"
"Kerala reports 5,718 fresh #COVID19 cases and 5,496 recoveries today.

The total numbers of active cases and recovered cases are 61,401 and 5,61,874 respectively https://t.co/E7yUHyOmYg"
"On #NavyDay, Chief Staff Officer to Naval Officer-in-Charge (Odisha) called on Vice Admiral SH Sharma (Retd) in Bhubaneswar and expressed gratitude on behalf of Indian Navy. The 98-year-old veteran was the first Fleet Commander, Eastern Fleet during the 1971 Indo-Pak conflict https://t.co/h9iMlPbilV"
"Punjab Government sets up State Level Award dedicated to author Gurdial Singh for his contribution to Punjabi literature.

Singh was a renowned author who wrote in Punjabi and was a 1998 Padma Shree awardee.

He passed away in 2016."
"One-day Bharat Bandh has been called on December 8 to protest against the three farm laws. Tomorrow, we will attend the meeting called by the government: Farmer leader Rakesh Tikat at Ghazipur (Delhi)-Ghaziabad (UP) border https://t.co/yCqRNtYDfy"
Uttarakhand: BJP party president JP Nadda visits Har Ki Pauri in Haridwar https://t.co/ny59Syzur9 https://t.co/OVyxUCmuka
Karnataka High Court today ordered that Bruhat Bengaluru Mahanagara Palike (BBMP) elections to 198 wards should be announced within 6 weeks
"In DJ Halli violence case, a Bengaluru Court remands former councillor AK Zakir to police custody till Tuesday: Sandeep Patil, Joint Commissioner, Central Crime Branch, Bengaluru, Karnataka"
"India win by 11 runs in the first T20 match against Australia 
in Canberra; India lead the three-match series by 1-0 https://t.co/bNm1Yc4UaF"
"We need to take this protest forward. Government has to take back the farm laws: Hannan Mollah, General Secretary, All India Kisan Sabha, at Singhu border (Delhi-Haryana border) https://t.co/g2UawVpjFW https://t.co/sBRIzpCHJb"
"Enforcement Directorate has filed an application before the Special PMLA Court in Iqbal Mirchi case with a prayer to declare Junaid Iqbal Memon, Asif Iqbal Memon and Hajra Memon as fugitive economic offenders https://t.co/bkqxg9u3lv"
"Yesterday, we told the Government that the farm laws should be withdrawn. On 5 Dec, effigies of PM Modi will be burnt across the country. We have given a call for Bharat Bandh on December 8: Bharatiya Kisan Union (BKU-Lakhowal) General Secretary, HS Lakhowal at Singhu Border https://t.co/dA1Xykds2K"
"Chhattisgarh: One naxal killed in an exchange of fire with security forces near Hawka jungle under Gangaloor police station area of Bijapur district. One muzzle gun, arms and ammunition recovered."
"Gold worth Rs 35.5 lakhs seized at the Chennai airport. The 24 Karat gold weighed 706 gms. One person with a prior record of an offence was arrested in connection with this case: Commissioner of Customs, Chennai International Airport https://t.co/d7C5iLe2TX"
"South Kerala &amp; North Kerala likely to receive isolated heavy to heavy rainfall today &amp; tomorrow. As its expected to weaken, gradually wind speed will decrease to 40-50 kmph gusting to 60 kmph tonight over extreme south Tamil Nadu &amp; South Kerala coast: IMD DG Mrutyunjay Mohapatra"
There has been extremely heavy rainfall over Tamil Nadu &amp; Puducherry under its influence. Very heavy rainfall with isolated extremely heavy rainfall likely to continue over Tamil Nadu &amp; Puducherry today: IMD DG Mrutyunjay Mohapatra https://t.co/sub42izsaX
"Union Home Minister Amit Shah expresses condolence over the demise of Administrator of Lakshadweep and former interlocutor to Jammu and Kashmir, Dineshwar Sharma.

""...He served the nation with utmost devotion as a dedicated officer of the Indian Police Service..,"" he tweets. https://t.co/tGAV96Kp5S"
Cyclone Burevi lays over Gulf of Mannar near south Tamil Nadu coast. Wind speed is 50-60 kmph. It has remained stationary for past 12 hours. It'll further weaken into depression while moving westward across south Tamil Nadu coast during next 12 hrs: IMD DG Mrutyunjay Mohapatra https://t.co/Pcc17GaLcE
"Delhi: CBI arrests BJP councillor Manoj Mehlawat, in an alleged bribery case.

He will be shortly produced before the Rouse Avenue Court."
"#WATCH: ""...Countries who fail to protect their sovereignty become like our neighbouring nation-who can't build their roads on their own, nor walk on them, not even have trade on their own or stop someone from trading..,"" says Defence Minister at Armed Forces Flag Day CSR Webinar https://t.co/3u5FjihvRv"
"Navy Day is celebrated every year this day to commemorate Operation Trident &amp; Operation Python in 1971, which were launched to attack Karachi. Missile boats were used in a very innovative manner: Rear Admiral Puneet Chadha https://t.co/CKP4ynyTT4 https://t.co/wBcTgS1wsJ"
"Tamil Nadu: Navy Day celebrations underway at the War Memorial at Rajaji Salai, in Chennai. https://t.co/eVmkBes2w9"
"Administrator of Lakshadweep and former interlocutor to Jammu and Kashmir, Dineshwar Sharma passed away today. Prime Minister Narendra Modi condoles his demise. https://t.co/lBMVqTegTS"
"Uttarakhand: BJP chief JP Nadda visits Dev Sanskriti Vishwavidyalaya situated in Shantikunj, Haridwar.

“I’m starting my journey of 120 days where I'll travel to all the states to strengthen my party. I have started it from Shantikunj to take the blessings of the Gurus,” he says. https://t.co/l6hUh6tARM"
"We had a meeting with Goa Mining Association yesterday. We're working to resolve all problems &amp; resume all mining operations in the state. Be it auction or any other activity, it is the work of govt to resume the mining operations &amp; bring relief to people: Goa CM Pramod Sawant https://t.co/VLFu622L5e"
"Delhi Govt is enrolling healthcare workers for #COVID19 vaccination. Many registered nursing homes &amp; hospitals have submitted HR data, along with many smaller unregistered clinics. Govt invites remaining healthcare facilities to submit names of the healthcare workers: Delhi Govt"
"Petition filed before Supreme Court seeking directions for immediate removal of agitating farmers from border areas of Delhi-NCR keeping in view the fact that they may pose a risk to spread of #COVID19: Om Prakash Parihar, the Advocate on Record (AOR), for the petitioner, to ANI https://t.co/BFf72JoChc"
"First of the three-book comic series, chronicling India's Maritime Heritage, launched on #NavyDay, by Navy Vice Chief Vice Admiral G Ashok Kumar. The series, being published in collaboration with Amar Chitra Katha, celebrates the naval &amp; maritime heritage of India. https://t.co/ZWxPiaFA9n"
American firm Lockheed Martin today shared the first picture of the MH-60 Romeo multi-role helicopter for the Indian Navy in Indian colours. India has placed orders for 24 of these helicopters under a government to government deal. https://t.co/3NgRQgC5b1
"Legislative party is of the view that a special session of Assembly be called to discuss issue of farmers. We'll move a no-confidence motion as the current state govt has lost the confidence of people as well as the Vidhan Sabha: BS Hooda, former Haryana CM and Congress leader https://t.co/rjo0kCxPzG"
"Punjab Chief Minister Captain Amarinder Singh virtually unveiled today, the logo of the state-level 400th Birth Anniversary Celebrations of Sri Guru Tegh Bahadur ji https://t.co/PpCA5z66vy"
Bihar: RSS chief Mohan Bhagwat arrives in Patna to attend the meeting of Akhil Bhartiya Karyakari Mandal (ABKM) of the organisation on December 5 and 6. https://t.co/eQMiP4xA3v
The first #SAvENG ODI postponed after a South Africa player tested positive for #COVID19: ICC https://t.co/HfZ7hUhxxR
"Haryana govt in bad shape as they made the biggest mistake. Had they not stopped farmers or not used water cannons or not lobbed tear gas shells, they wouldn't have been in problem. Who can stop others from coming to national capital? What Haryana govt did is condemnable:BS Hooda https://t.co/pHNC8saN5u"
"Farmers are being insulted. They are being called 'Khalistanis' and 'Congressis'. Farmers are farmers. They have come here with their valid demands, rising above religion, caste and region. They are here in this cold: Bhupinder Singh Hooda, former Haryana CM and Congress leader https://t.co/oguaZVYZDr"
"Govt had said to increase GDP to 2.5% by 2025 but it's 1.5% now. I've suggested to make it 2.5% in 2022 instead of 2025. Also suggested not to use vaccine in a hurry. It should be used only after assuring safety. We should depend on mask &amp; sanitiser till then: Ram Gopal Yadav, SP https://t.co/D1WWapSxkm https://t.co/SylzkY78Dn"
"#AUSvsIND first T20I match: India (161/7) sets a target of 162 runs to win for Australia. (KL Rahul 51, Ravindra Jadeja 44*, Moises Henriques 3-22) https://t.co/brNRpM487d"
